<?xml version="1.0" encoding="utf-8"?>
<odoo>
    <data noupdate="0">
        <record id="product_cod_payment_fee" model="product.template">
            <field name="name">Extra Fees</field>
            <field name="website_published" eval="False"/>
            <field name="type">service</field>
            <field name="list_price">0.0</field>
            <field name="taxes_id" search="[('type_tax_use', '=', 'sale'), ('tax_group_id', '=', 'VAT Untaxed')]"/>
            <field name="supplier_taxes_id" eval="False"/>
            <field name="description_sale">Extra Fees</field>
        </record>
    </data>
</odoo>