<?xml version="1.0" encoding="utf-8"?>
<odoo noupdate="1">

    <record id="payment_method_cod" model="payment.method">
        <field name="name">COD</field>
        <field name="code">cod</field>
        <field name="sequence">1000</field>
        <field name="image" type="base64" file="website_cod_payment/static/img/cod.png"/>
        <field name="support_tokenization">False</field>
        <field name="support_express_checkout">False</field>
        <field name="support_refund">none</field>
    </record>

</odoo>
